{
  "Q3.1.1" : {
    "GlobalAverageRating" : 3.529859999999947
  },
  "Q3.1.2" : {
    "UsersAverageRating" : {
      "min" : 1.4919540229885058,
      "max" : 4.869565217391305,
      "average" : 3.5881911071848003
    },
    "AllUsersCloseToGlobalAverageRating" : false,
    "RatioUsersCloseToGlobalAverageRating" : 0.7465535524920467
  },
  "Q3.1.3" : {
    "ItemsAverageRating" : {
      "min" : 1.0,
      "max" : 5.0,
      "average" : 3.076044508325173
    },
    "AllItemsCloseToGlobalAverageRating" : false,
    "RatioItemsCloseToGlobalAverageRating" : 0.48989298454221164
  }
}